study_hours,attendance,previous_score,assignments,sleep_hours,engagement,final_score
6.6,46,70,66,5.1,3,70.3
5.7,82,89,39,4.1,1,59.6
2.7,83,38,60,7.6,3,54.7
6.1,96,35,55,7.5,2,62.9
3.1,58,78,48,4.5,1,38.9
3.0,47,93,50,8.9,2,62.5
1.2,63,81,59,7.5,1,48.4
9.9,99,64,47,5.9,2,69.2
6.5,68,55,82,5.8,3,67.3
6.7,83,56,66,4.8,2,70.3
3.1,85,63,76,8.2,1,57.7
3.5,62,43,62,8.6,3,57.5
8.8,65,62,98,6.0,3,74.1
2.8,80,68,89,8.5,2,64.6
3.9,53,98,46,7.8,1,56.1
7.0,83,43,84,5.9,2,69.0
5.5,80,36,49,7.4,3,59.6
3.7,63,90,55,6.3,3,62.1
8.8,61,57,99,8.6,3,74.9
6.3,54,82,55,6.7,3,74.8
9.2,83,76,97,4.1,2,81.1
3.4,48,65,45,4.4,2,36.0
8.3,93,51,51,7.3,3,78.8
6.3,58,60,74,6.0,3,70.1
6.7,73,92,50,5.2,1,63.2
2.7,59,35,44,7.5,1,39.3
2.7,47,77,44,6.6,2,47.8
1.8,81,95,66,7.9,2,64.5
2.3,51,90,80,6.1,2,61.2
6.7,86,47,42,6.0,2,58.5
8.1,51,66,59,5.0,2,64.4
4.9,100,44,91,8.0,3,75.7
1.4,86,36,46,8.6,1,40.9
2.5,70,42,56,5.9,2,51.6
3.0,95,93,71,6.1,3,80.0
7.3,54,59,72,5.1,1,56.4
6.0,79,42,75,4.3,3,53.8
5.5,48,45,58,4.3,1,41.2
6.9,60,86,50,8.7,3,74.4
6.4,71,75,68,5.0,3,76.5
3.5,61,85,51,7.4,2,53.5
9.4,45,93,47,4.4,1,58.3
5.3,53,79,43,8.4,2,56.7
5.7,64,36,73,8.7,1,54.8
9.4,53,68,49,8.4,3,66.6
6.2,90,78,61,7.4,2,74.4
5.3,61,41,46,7.2,2,51.2
1.7,61,55,91,6.8,2,54.1
5.8,52,44,54,6.7,2,51.1
1.7,64,81,40,8.5,1,46.0
7.0,87,48,80,7.9,2,76.5
9.3,60,55,57,8.4,1,60.7
2.2,66,87,66,5.3,3,70.5
8.7,59,60,93,5.7,1,68.3
2.6,87,59,86,5.6,1,57.6
6.6,70,77,38,4.6,2,54.1
2.2,61,39,48,7.0,2,40.4
6.3,77,49,84,8.5,1,60.1
2.9,90,90,35,6.6,3,62.3
7.5,57,81,90,4.3,3,62.5
9.2,84,75,50,7.6,2,73.5
3.6,89,72,51,5.0,3,66.1
9.4,88,57,73,6.0,1,70.5
8.0,83,76,94,6.2,3,87.5
2.5,75,56,45,5.4,3,50.2
8.3,93,65,74,5.1,1,69.1
1.9,47,66,95,7.1,1,42.7
6.0,90,84,98,6.0,1,76.7
6.7,45,48,89,5.1,3,61.2
2.9,99,50,93,4.7,2,55.3
6.8,80,75,91,7.1,3,85.0
9.1,73,55,95,6.3,1,64.6
8.5,62,97,65,5.4,1,70.2
3.7,79,45,52,4.8,2,44.5
7.1,90,62,43,6.1,2,62.0
2.5,71,84,37,8.3,3,59.7
4.1,45,80,73,7.8,2,55.5
8.1,59,97,63,5.4,2,72.7
0.8,66,86,56,8.2,1,57.1
9.1,82,38,45,7.2,1,57.2
8.7,56,41,68,5.9,1,52.1
8.9,62,88,67,8.2,2,77.6
0.7,79,41,79,5.1,1,43.8
7.7,60,60,37,7.1,1,47.4
1.7,87,49,62,6.3,2,53.0
6.3,92,49,55,8.8,1,60.5
6.0,64,83,85,8.7,1,71.2
6.5,51,73,50,8.0,3,70.4
7.9,67,89,82,4.3,3,70.6
8.3,51,90,81,7.2,2,80.4
7.2,72,57,69,7.1,3,71.3
8.3,82,69,76,8.3,1,69.2
3.1,73,66,94,6.8,3,66.5
8.6,56,97,62,5.8,2,75.4
3.7,83,70,36,6.6,1,55.2
5.1,93,65,95,7.2,2,76.6
4.8,46,46,72,5.1,3,56.0
4.0,80,79,89,9.0,3,82.8
3.6,89,93,69,5.5,1,66.5
1.6,79,58,59,5.1,2,53.7
3.1,82,71,47,8.2,2,57.1
0.6,79,51,70,4.2,1,40.7
5.8,89,51,97,4.5,1,54.9
4.7,56,41,67,8.7,2,51.3
1.6,49,86,97,4.4,3,57.1
8.2,64,45,66,4.6,2,53.5
6.3,95,63,83,6.3,2,72.6
4.6,81,42,47,8.7,1,54.2
6.4,61,45,55,5.2,3,60.3
4.8,83,95,72,4.2,2,69.2
7.2,89,93,44,7.4,2,76.6
6.8,57,89,49,6.7,3,64.3
1.9,62,53,44,4.3,2,31.1
9.3,73,50,94,7.4,3,73.1
4.3,62,98,91,4.4,1,63.4
6.2,46,46,64,8.8,3,56.8
6.1,46,69,40,7.8,1,44.6
9.2,56,90,97,8.8,2,81.2
3.8,66,76,48,8.3,2,53.1
6.8,70,39,93,4.4,2,57.0
3.6,94,86,100,8.1,1,67.4
4.4,57,81,98,7.1,1,58.1
2.4,80,51,71,6.2,3,58.7
6.5,96,65,55,5.6,1,66.3
5.7,50,63,49,6.3,1,46.4
9.4,63,69,88,8.2,2,73.5
2.8,80,53,84,5.0,3,54.3
8.7,62,88,78,8.7,3,82.2
3.0,45,71,73,8.2,3,65.3
1.9,79,96,79,5.7,3,71.3
4.1,65,59,65,6.9,1,54.6
3.5,75,83,84,8.9,3,70.2
9.8,76,39,51,6.5,3,71.7
8.5,51,93,36,7.6,2,68.3
8.8,54,44,95,7.9,2,63.0
6.7,99,77,83,8.8,3,90.6
7.3,93,97,39,7.1,1,66.4
10.0,92,46,90,8.9,3,78.3
7.2,51,91,56,7.5,1,70.8
3.3,68,90,53,5.2,2,63.7
5.9,95,58,56,4.9,3,70.6
2.8,82,53,64,6.3,2,52.1
4.9,87,36,94,8.5,3,68.2
9.5,82,73,89,7.5,2,82.6
8.5,57,84,96,4.5,2,65.0
9.9,63,37,85,5.4,3,67.7
8.7,94,41,98,8.2,2,76.6
8.1,59,59,67,7.4,3,68.2
7.8,88,52,47,8.5,3,76.9
0.8,68,51,46,8.5,2,44.7
7.6,56,60,51,7.9,2,55.2
8.4,61,96,72,7.7,2,76.4
8.1,74,44,53,7.8,1,61.7
9.8,99,81,46,8.0,1,71.2
3.0,52,93,82,7.4,3,69.1
6.6,68,48,64,6.4,3,68.3
8.9,80,76,63,7.2,3,87.2
3.4,71,49,52,4.2,1,33.5
3.4,76,49,47,5.2,3,55.1
6.9,92,88,54,8.4,3,87.6
1.4,76,87,70,4.2,2,55.5
2.7,68,47,82,6.7,3,62.1
3.9,70,70,59,8.8,2,63.3
6.6,46,41,77,5.2,1,50.3
8.0,58,43,61,6.9,1,53.7
9.1,45,70,53,8.9,3,73.7
2.9,56,49,38,4.7,2,36.6
3.6,56,68,41,4.6,2,40.6
5.5,92,43,95,6.2,2,65.7
5.3,84,40,73,6.3,1,56.8
1.1,75,86,89,7.4,2,62.8
9.0,65,53,43,4.6,3,54.1
6.5,80,76,83,9.0,3,80.4
4.6,95,49,62,6.2,1,62.7
4.4,97,93,86,6.1,1,72.6
2.9,54,95,43,4.5,1,46.7
1.4,51,82,51,6.8,3,62.6
6.9,71,80,89,8.3,3,78.2
1.0,63,74,80,4.5,3,55.2
2.6,51,79,82,4.6,2,56.9
6.0,96,89,38,7.0,3,78.3
2.2,89,74,78,5.8,1,55.4
8.8,81,86,43,4.7,3,74.4
5.5,69,88,93,5.7,2,71.4
3.5,65,45,41,4.8,3,44.8
4.7,72,97,91,6.1,1,68.6
7.7,52,79,90,4.6,3,67.5
6.8,47,63,85,8.9,1,55.6
0.6,64,62,52,7.8,2,49.3
7.6,56,51,83,6.7,1,58.4
5.3,98,80,44,6.0,3,73.8
9.3,100,75,89,6.9,3,91.4
6.6,63,49,86,4.1,2,58.8
4.9,89,81,46,6.2,1,68.7
2.8,82,86,45,6.0,2,58.2
7.9,49,49,100,5.0,2,59.8
3.8,97,53,65,4.5,2,55.9
7.7,86,44,57,8.8,3,77.8
5.2,93,92,76,8.3,3,83.4
5.0,85,73,70,7.0,2,74.4
5.3,64,94,92,4.2,2,66.2
8.7,99,46,99,5.9,3,80.6
5.8,95,40,92,8.5,3,72.2
5.0,54,42,92,4.5,2,46.0
9.8,50,57,40,5.2,2,62.1
6.3,68,82,71,5.9,2,68.9
6.9,48,77,43,5.6,3,61.2
7.4,87,54,77,4.4,3,67.3
1.8,67,74,85,4.6,3,60.1
4.1,95,77,51,7.4,3,74.0
10.0,78,46,89,6.5,1,68.4
2.5,94,97,59,5.1,1,64.7
2.0,63,47,99,7.9,3,59.7
3.7,94,51,83,4.8,1,49.7
8.4,94,56,91,4.2,2,69.4
4.7,63,92,64,6.7,2,64.9
9.7,95,95,59,5.8,3,96.0
3.2,69,88,55,8.1,3,68.7
1.8,61,41,96,8.4,3,61.2
5.4,52,71,45,7.8,2,53.2
4.8,77,53,90,4.5,1,56.5
9.3,71,41,85,6.5,1,55.4
4.2,50,82,63,4.1,1,51.0
8.0,53,39,71,8.6,2,55.3
7.1,53,95,92,7.1,1,72.5
1.9,91,89,49,7.9,1,56.4
3.4,48,65,88,7.2,3,60.5
9.1,83,37,100,6.9,3,78.5
1.9,72,35,80,5.2,2,49.5
5.5,68,43,99,7.9,3,71.3
5.8,69,95,40,7.2,2,65.2
8.0,67,65,48,7.9,3,68.5
7.7,53,40,80,6.7,3,67.0
4.9,89,96,58,8.1,1,77.8
7.3,74,39,72,5.0,1,57.1
3.4,70,95,67,4.2,3,62.8
2.3,67,41,77,5.4,2,45.6
4.7,69,78,58,6.5,2,65.0
4.0,96,69,45,7.6,1,48.0
2.2,63,76,48,4.4,3,54.2
3.3,73,89,56,7.4,2,59.6
9.2,84,90,70,7.2,1,81.8
1.2,85,86,81,6.6,3,65.5
1.9,83,91,39,4.6,1,38.2
7.9,68,81,84,8.7,1,66.6
9.5,68,91,44,6.9,3,74.1
4.0,65,70,66,8.8,1,56.0
4.2,80,50,68,7.9,3,63.2
4.7,84,71,97,5.0,1,68.3
9.0,73,46,75,7.3,3,69.6
1.1,79,72,73,8.3,3,62.8
2.2,68,63,50,8.9,1,43.8
2.7,76,38,81,6.8,2,42.7
1.7,50,43,74,6.0,3,51.9
7.3,78,87,87,8.1,1,78.6
1.2,74,79,51,8.4,3,64.8
6.6,56,51,90,6.5,1,58.6
3.4,55,76,63,5.7,3,58.6
9.0,99,45,67,5.0,3,76.9
6.3,50,56,54,4.9,3,60.2
7.3,83,78,40,8.1,1,72.7
7.8,61,61,88,7.1,1,67.4
5.2,85,72,73,6.4,3,72.8
7.0,55,91,88,6.4,1,70.2
3.7,54,75,75,7.7,2,62.5
4.0,80,48,75,5.2,1,54.5
3.0,60,53,47,4.3,2,41.2
9.6,55,76,75,4.9,1,58.9
5.2,77,94,98,8.4,2,88.3
5.3,60,62,80,4.2,2,55.5
5.2,98,95,71,6.7,1,68.5
7.4,93,86,81,4.2,1,73.4
5.9,57,81,71,4.4,3,60.2
8.3,84,50,51,8.9,2,71.5
4.0,66,81,53,5.0,3,64.6
0.9,90,77,95,6.6,1,59.3
6.3,77,52,76,8.7,2,73.5
7.5,64,78,99,8.1,3,89.1
5.2,81,73,95,8.1,2,73.7
4.5,64,38,95,5.3,3,60.8
7.9,94,64,41,6.9,1,58.5
7.9,69,53,66,4.2,3,61.8
1.5,46,91,75,6.1,2,56.0
7.9,75,42,52,6.6,3,65.8
3.6,87,96,83,5.6,1,62.9
5.7,88,68,96,5.0,1,69.2
3.2,64,63,73,7.9,3,64.6
3.5,67,70,71,4.6,3,63.5
5.7,70,79,53,5.5,2,66.2
9.3,86,67,96,5.1,3,85.0
3.1,80,69,52,4.5,3,55.1
6.9,78,63,64,4.3,2,61.5
3.6,75,47,52,4.0,3,52.9
6.7,75,96,60,7.8,2,78.4
3.6,86,42,46,7.3,1,39.3
9.4,56,88,57,8.7,1,69.1
10.0,70,98,58,8.7,2,82.7
5.9,51,77,71,6.3,3,68.4
5.7,76,52,99,6.3,1,63.8
7.4,86,67,58,4.1,2,62.9
8.0,81,59,57,7.1,3,81.6
5.4,50,86,47,4.9,1,42.9
5.0,60,35,68,5.9,2,51.3
3.4,91,36,68,7.3,3,51.6
2.7,87,50,94,5.5,2,55.3
8.9,94,74,50,7.2,2,72.1
4.0,59,63,52,6.4,2,55.0
4.5,80,95,62,7.8,3,75.0
7.7,100,45,92,6.6,2,78.3
1.1,80,60,54,4.8,3,53.0
4.7,88,61,97,4.5,3,67.5
1.8,71,93,42,6.8,3,61.6
8.2,91,37,85,5.3,1,64.3
0.9,67,43,42,8.7,1,30.9
9.9,75,39,71,6.0,1,65.4
6.6,71,82,83,6.2,2,62.4
4.1,88,52,79,4.6,3,61.3
9.8,98,35,37,8.9,2,67.5
6.9,79,89,83,8.1,1,73.9
2.3,91,49,39,8.0,2,50.2
6.3,46,65,61,4.3,3,62.0
7.2,48,66,40,6.0,1,51.0
5.6,93,42,52,6.5,2,63.4
6.0,81,76,65,5.5,1,74.1
9.9,78,63,87,5.5,1,68.9
7.5,56,89,98,4.2,2,66.4
9.4,87,83,75,7.5,2,86.9
7.7,75,65,63,5.5,3,78.3
1.9,74,42,87,8.8,3,54.8
2.9,66,45,92,8.2,1,49.6
5.6,98,59,41,5.3,3,66.2
1.2,96,62,96,5.0,2,59.5
3.4,45,62,59,8.8,1,47.8
9.2,89,61,85,8.6,3,79.5
3.6,63,83,94,6.7,2,64.7
8.9,74,47,95,7.8,2,73.8
9.2,68,75,87,4.2,1,63.9
5.8,82,88,72,4.8,2,69.0
2.7,81,66,98,6.8,3,65.2
5.1,91,97,93,4.8,2,80.0
2.1,91,97,58,8.6,3,82.7
5.5,98,44,41,7.8,2,59.2
1.8,85,64,43,7.5,1,47.4
1.1,85,96,97,4.1,3,70.3
5.7,45,37,70,6.7,2,57.5
6.9,96,57,48,8.6,3,72.8
1.9,57,67,80,5.3,2,61.4
4.9,60,63,73,7.4,1,59.9
6.7,99,39,46,6.0,2,59.1
0.6,55,45,98,8.2,3,53.3
8.0,81,47,40,5.1,3,68.2
0.9,49,70,39,4.9,2,33.8
0.6,58,53,85,8.6,2,51.3
8.4,69,77,84,7.8,1,73.0
8.0,89,45,99,7.7,2,78.2
8.5,66,85,76,4.1,2,69.6
7.9,73,97,64,5.8,2,72.1
6.8,50,72,66,7.6,1,61.9
3.0,69,54,84,5.6,1,57.5
4.7,93,69,48,4.7,1,56.7
4.6,80,87,48,4.1,2,54.4
8.0,100,84,36,5.5,2,72.7
7.9,91,66,56,7.4,1,72.2
5.2,49,56,90,5.4,2,59.7
5.1,49,81,67,8.7,3,65.4
2.4,51,52,73,4.0,2,39.0
3.7,84,83,77,6.2,2,70.6
9.8,53,73,76,7.0,3,71.5
2.4,65,57,85,8.8,2,56.0
9.7,95,66,76,5.9,2,76.2
4.0,81,60,58,7.4,3,73.8
9.5,58,91,72,8.2,1,74.6
8.3,95,87,98,4.7,2,80.7
7.3,95,83,44,6.2,3,83.1
5.1,70,88,39,8.0,2,60.6
6.1,50,48,66,7.3,2,50.1
2.1,84,40,86,8.8,2,58.6
0.6,61,63,100,7.7,3,59.1
6.0,81,63,92,5.9,2,71.9
5.3,67,38,96,4.5,2,46.5
9.2,50,49,53,5.7,2,58.0
5.1,75,47,91,7.6,2,65.6
3.5,64,40,49,4.1,2,34.0
2.1,92,66,57,6.8,2,55.1
5.8,74,64,86,7.1,1,59.6
0.8,84,60,92,7.0,2,54.6
0.5,58,61,70,7.8,1,39.5
5.6,68,76,60,6.3,2,62.0
6.9,76,75,84,7.1,3,83.1
4.8,56,73,45,7.4,2,57.2
1.6,64,49,58,5.9,1,38.5
1.8,69,89,58,6.4,3,65.0
7.1,86,57,56,6.4,1,66.7
6.4,100,80,36,6.4,1,71.6
8.2,80,98,87,7.4,2,85.5
2.1,81,38,63,5.5,2,45.2
2.6,63,56,93,6.8,2,54.5
1.6,94,81,40,7.8,2,57.1
5.7,72,48,66,5.5,1,50.0
8.3,73,50,65,5.0,3,70.0
6.1,67,89,56,7.1,1,67.1
5.9,79,70,56,5.6,3,67.2
3.3,81,69,100,8.9,3,72.5
7.6,71,42,70,8.3,1,56.3
7.2,53,66,53,7.6,1,58.3
5.1,81,69,88,5.9,1,60.2
6.5,94,46,86,6.6,2,67.6
4.8,76,76,35,8.3,3,60.5
1.4,74,80,43,8.0,2,54.2
2.5,62,76,71,5.7,3,66.3
1.7,99,97,78,8.5,1,71.8
8.4,46,50,55,6.2,1,55.1
9.9,72,60,51,8.4,2,75.5
3.1,86,81,67,4.4,3,70.4
9.1,55,41,85,7.1,3,68.1
6.7,90,47,35,5.1,1,51.1
1.8,59,91,36,4.0,2,49.3
4.5,53,96,44,5.1,1,43.6
7.4,51,48,75,5.8,2,62.9
7.7,53,53,43,6.7,1,54.0
6.3,55,91,79,7.6,3,76.4
6.4,73,62,46,8.5,1,46.7
7.6,82,84,79,8.8,2,81.8
6.6,60,71,38,8.2,3,61.4
8.8,58,59,85,5.5,1,63.8
2.8,69,49,65,6.5,3,51.1
1.2,45,81,75,4.7,3,48.6
2.1,75,44,37,6.9,1,40.5
3.0,47,42,85,6.5,3,52.3
4.5,70,45,54,5.4,2,46.9
1.3,58,54,76,6.0,3,54.4
6.6,64,90,65,4.3,1,54.0
9.3,52,93,42,5.5,3,71.6
0.6,53,36,55,6.5,2,37.5
5.5,95,68,56,5.9,3,75.6
8.9,94,38,77,8.0,2,70.5
5.5,61,44,98,6.3,2,65.4
2.1,55,67,48,8.5,3,55.5
7.4,59,35,40,8.3,1,45.8
4.1,54,57,39,6.8,3,56.4
7.5,71,63,76,5.2,3,69.2
5.9,52,41,57,5.1,3,62.1
9.8,70,43,94,8.3,2,68.8
0.6,57,72,73,7.7,1,52.3
4.9,82,98,60,7.7,3,81.7
0.6,71,38,64,6.7,3,47.1
8.5,45,77,35,7.8,2,64.6
1.5,78,65,88,6.5,1,48.8
9.7,54,70,46,4.2,1,55.3
7.2,68,93,45,6.9,3,70.4
1.8,97,85,44,7.0,1,46.3
2.7,61,75,85,7.5,3,69.5
3.6,73,69,64,4.4,1,52.3
1.5,51,56,92,6.3,2,55.3
1.6,67,61,92,5.5,2,55.8
8.2,64,40,62,8.2,2,60.3
1.9,90,66,80,6.0,1,54.3
9.9,46,86,92,6.8,3,79.6
2.9,74,48,52,4.6,1,44.7
1.7,97,86,82,7.4,3,64.8
1.3,82,68,44,4.1,1,39.8
8.2,50,77,50,4.2,2,64.0
1.0,81,90,85,6.5,2,63.6
2.5,56,70,70,6.2,1,48.2
0.8,84,66,72,6.5,3,59.9
4.1,71,60,66,7.2,3,64.4
8.1,69,80,96,6.7,2,73.9
3.6,62,58,38,5.6,1,45.8
0.8,96,70,42,8.0,2,47.7
10.0,55,47,66,7.3,2,64.4
5.6,95,42,63,6.9,2,60.6
8.5,56,65,75,8.0,3,79.4
3.9,82,38,80,8.7,3,67.6
8.4,96,98,74,4.9,1,82.9
1.4,59,63,37,6.6,1,36.4
8.2,66,57,76,4.3,1,59.3
6.1,54,49,81,8.8,2,58.2
6.1,66,73,76,4.7,1,50.3
7.5,72,97,75,4.9,3,73.6
8.0,59,57,83,5.5,3,62.6
3.3,56,35,85,8.3,3,60.1
9.2,84,63,48,8.7,1,67.4
3.6,49,65,79,8.9,1,46.5
8.3,87,77,92,4.1,1,63.1
2.9,49,79,67,7.9,3,66.7
7.5,55,87,98,8.4,2,75.6
5.7,51,96,63,4.8,1,56.7
0.7,61,48,44,5.7,2,37.6
2.0,49,46,78,7.0,3,56.8
4.6,86,56,90,4.8,1,52.6
3.6,57,87,68,7.3,2,63.3
5.9,98,97,54,4.3,1,69.1
4.6,63,96,60,4.5,1,57.1
1.3,99,49,74,7.9,2,59.7
5.1,87,68,46,7.2,2,66.4
4.0,73,40,68,6.2,2,59.9
2.6,62,42,54,7.8,3,57.5
8.2,71,64,42,8.2,3,71.2
4.5,79,95,65,6.4,1,63.3
0.8,81,53,50,8.7,2,55.0
2.1,55,62,59,4.6,2,48.8
2.4,97,53,68,5.6,3,65.1
9.2,49,46,84,6.8,3,67.7
4.9,100,36,88,4.6,1,55.9
1.9,82,47,48,6.8,1,43.0
8.9,71,68,84,7.3,3,72.4
6.3,47,57,70,6.0,3,58.7
0.9,66,65,41,7.7,2,42.6
9.0,46,78,73,5.6,2,72.8
9.7,59,52,73,8.9,2,64.3
7.9,65,69,88,7.0,1,67.3
8.3,92,97,82,8.1,3,95.9
8.0,49,74,99,6.0,3,75.9
2.3,98,60,42,5.2,2,51.5
1.0,68,60,70,5.8,2,46.1
1.7,46,65,82,6.4,2,51.4
2.2,100,95,79,5.7,2,70.9
3.2,69,41,55,8.3,1,40.6
8.6,86,63,61,5.3,2,66.7
9.7,88,36,95,8.6,3,79.8
2.1,96,36,63,5.3,2,49.8
3.1,69,79,93,5.3,2,58.2
3.4,78,85,48,4.0,3,63.7
5.8,83,71,73,7.4,2,71.1
1.1,62,76,70,5.3,3,64.0
2.3,78,65,42,8.0,3,55.4
4.3,65,52,38,7.3,2,48.8
4.2,47,59,78,7.6,1,54.8
7.0,85,95,80,6.5,1,81.1
2.2,51,95,51,7.7,3,58.5
8.2,93,58,77,7.3,1,68.0
3.4,95,77,82,5.3,2,72.1
4.9,52,95,41,8.3,3,61.4
5.0,57,50,83,6.6,2,54.8
1.0,99,54,52,9.0,2,51.5
9.1,74,53,75,8.3,1,68.1
7.9,76,77,57,5.6,1,71.7
7.7,55,55,97,7.9,1,62.0
1.7,72,89,86,6.1,2,63.0
2.4,68,36,76,7.8,3,55.6
2.3,88,35,66,5.1,2,49.2
5.3,64,56,43,8.1,2,54.8
9.5,74,78,90,8.4,1,71.2
3.9,57,56,86,4.1,1,50.9
7.4,53,62,37,6.9,1,54.7
8.0,69,67,41,7.0,1,61.1
6.8,86,37,41,7.4,2,56.2
2.9,89,54,61,7.5,3,63.8
0.6,71,47,69,7.1,3,57.5
1.5,91,50,71,4.6,1,48.1
5.2,83,60,68,8.2,1,60.7
2.0,80,98,61,7.4,2,69.4
3.6,45,36,46,8.5,3,44.6
1.4,77,44,47,8.5,3,47.7
2.7,63,68,94,4.3,1,52.4
3.9,88,75,89,7.7,1,59.7
8.6,47,36,52,7.3,1,47.5
9.6,62,46,82,8.1,1,69.8
1.6,70,93,69,8.2,3,72.6
6.7,96,56,49,4.7,3,58.5
1.1,99,55,48,6.1,3,50.2
4.7,84,83,80,7.1,3,79.7
8.9,91,51,96,8.6,1,76.5
1.1,86,75,36,7.5,3,55.1
5.5,92,63,78,6.6,3,75.8
6.8,60,96,79,7.3,3,78.2
4.2,98,41,36,7.2,1,46.0
5.2,55,44,97,5.6,2,56.2
9.7,48,63,83,6.0,1,67.1
5.9,50,98,92,5.6,2,73.2
7.6,46,48,86,6.1,3,58.8
8.0,84,73,100,6.8,3,83.8
6.9,66,81,41,8.1,2,61.0
6.2,90,81,92,4.6,3,82.6
2.6,66,80,72,6.7,2,60.5
2.1,53,87,48,5.3,1,45.0
2.3,99,85,62,6.3,1,61.3
4.4,85,50,92,6.3,3,68.6
9.6,53,98,35,6.7,1,61.7
6.1,77,57,57,7.7,1,60.1
1.5,87,76,99,8.4,2,73.6
7.7,62,85,78,8.9,2,73.5
8.1,53,87,100,5.5,3,76.7
7.5,80,62,60,5.0,3,73.5
3.3,67,51,57,6.5,3,53.9
7.7,80,96,88,7.4,3,85.7
3.2,99,89,36,6.6,1,57.0
1.0,62,55,71,7.4,1,45.8
8.5,89,72,61,7.8,1,71.4
6.4,88,63,84,5.2,3,79.9
3.2,87,41,83,5.9,3,59.3
0.6,61,60,91,8.1,3,62.3
7.2,86,82,60,7.9,1,72.5
7.0,56,57,100,4.6,1,55.7
4.6,80,68,51,4.8,2,62.4
9.4,47,54,76,7.0,3,70.6
6.3,87,73,97,7.9,3,79.4
3.5,59,58,43,7.9,1,48.6
4.5,79,86,46,5.7,1,57.7
3.3,93,95,36,4.6,2,54.1